Rank,Customer,Sector,Revenue_Share_pct_TTM,Contract_Term,Termination,Change_of_Control,Credit_Terms_days,Notes
1,Crown Digital Directorate,Public Sector,42,12 mo,30-day convenience,Terminates; consent required,60,Single point-of-failure risk
2,EuroTel AG,Telecom,18,24 mo,For breach only,Terminates unless assignee is 'equivalent',45,Price review every 6 mo (downward)
3,NorthSea Energy plc,Energy,11,12 mo + auto,For breach/insolvency,Consent required,60,SLA penalties up to 15% monthly fees
4,Novarch Ltd,Consulting,6,12 mo,30-day convenience,Silent,45,Reseller; margin thin
5,AirBridge Cargo UK,Logistics,5,12 mo,For breach,Consent required,60,
