{
  "dataset": "Sample PE Dataroom \u2013 Highland Analytics Ltd (fictional)",
  "created_local": "2025-10-16 Europe/London",
  "files": [
    {
      "file": "00_README.txt",
      "bytes": 629,
      "sha256": "9a57e3f3300486c34a330f56060c4acb61c505d067fa31c44a1a68e221f1179a"
    },
    {
      "file": "01_Executive_Summary.txt",
      "bytes": 1513,
      "sha256": "602ae34603ced284e41957e44c2774450d37b3d2db9b10c4a23c8d9e67cc4700"
    },
    {
      "file": "02_Financials_Quarterly_Extract.csv",
      "bytes": 485,
      "sha256": "213f7b117fd65bb8e3c553d338dd67ee65a957711a9fa27410e84fdbbec9f20c"
    },
    {
      "file": "03_Customer_Concentration.csv",
      "bytes": 654,
      "sha256": "b37d1c6ce21af1a8097e91373a00394ac013d8ee6da3afbda87edb42bf3a3c24"
    },
    {
      "file": "04_Material_Contracts_Summary.txt",
      "bytes": 767,
      "sha256": "14c22a07bd9a7be1532b8175a36b4a43b30e94a27c17676a5b02cdcadcad28e4"
    },
    {
      "file": "05_IP_Register.csv",
      "bytes": 458,
      "sha256": "bee0bbe3f349e4c64b2e07712f11324b91bdd092e803c364fb221d0de2401748"
    },
    {
      "file": "06_HR_Schedule.csv",
      "bytes": 445,
      "sha256": "2806fc58475ad54bede5a722c96b4bbe1a43b13de8a6baa6b2f4a84f0353f3e7"
    },
    {
      "file": "07_IT_Security_Compliance.txt",
      "bytes": 539,
      "sha256": "f1756a6e410b830163114300c42622ab7a795f4afccaa88f5424be51717ddd1c"
    },
    {
      "file": "08_Debt_Schedule.csv",
      "bytes": 535,
      "sha256": "c840b52523b4090560c71aee299c021b2a38c66e0a4d7c62b760238c194a15f7"
    },
    {
      "file": "09_Tax_Compliance_Summary.txt",
      "bytes": 333,
      "sha256": "ebab2c782bd5d114d702e801ac82dd70c79b3a11f00524d914415f404beb4baa"
    },
    {
      "file": "10_QA_Log_Excerpt.txt",
      "bytes": 471,
      "sha256": "cd859029644ddd0fc736ce91b18d04a4053b9f324330ce630b8e0f9782bc3ee7"
    }
  ]
}